{
  "type" : "HTTP",
  "vendor" : "Citrix",
  "id" : "27491aac-64a7-470a-925c-a3364983feef",
  "trackingUuid" : "f92885c2-751f-42d1-8b70-273327275f83",
  "title" : "MS_Outlook_Scripting",
  "iconUrl" : "https://iws-prod-global-customicons-cdn-endpoint.azureedge.net/image/ctMmybALGSmNfPLyVbZY1LKAtVBAA0Ni.png",
  "masVersion" : "1.135.0.a8d85f5141c63ccfc237728fa2b06a786be0e662",
  "categories" : [ ],
  "created" : "2021-12-08T04:13:48",
  "supportsOAuthForActions" : true,
  "i18nLanguages" : [ "de", "en", "es", "fr", "it", "ja", "nl", "pt-BR", "zh-CN" ],
  "apps" : [ {
    "uuid" : "50504b37-9550-40f5-b55c-1de0d769179f",
    "trackingUuid" : "7c0f4985-26ff-471a-94ea-c042adda7aa3",
    "title" : "My Calendar #2",
    "numberOfEvents" : 1,
    "action" : true
  }, {
    "uuid" : "88a04c41-1c51-44ad-8a39-c7714f7e2f7d",
    "trackingUuid" : "541cd3f0-0034-43f8-85f1-cf4f0bc50adb",
    "title" : "My Office Hours #2",
    "numberOfEvents" : 0,
    "action" : true
  }, {
    "uuid" : "ab428217-90b8-458f-b8ef-be3ee2a35a60",
    "trackingUuid" : "e6210fc5-5c7c-474e-99e1-4107955ac863",
    "title" : "Create Event #2",
    "numberOfEvents" : 0,
    "action" : true
  } ],
  "tags" : [ ],
  "scriptMetadata" : {
    "originalFileName" : "script.js",
    "storedFileName" : "script.js",
    "checksum" : "4A8ECDBE0EFC501984C3F93969F1CD80",
    "apiVersion" : "1.1"
  },
  "hideAddButton" : false
}